AHL1,AHL1-0001,AHL1-0001,H_lupulus,../HOP-REF/Humulus_lupulus_lupulus_21110M_HAP2_v1.0.fa,,
ALL1,ALL1-0002,ALL1-0002,H_lupulus,../HOP-REF/Humulus_lupulus_lupulus_21110M_HAP2_v1.0.fa,,
ALP1,ALP1-0003,ALP1-0003,H_lupulus,../HOP-REF/Humulus_lupulus_lupulus_21110M_HAP2_v1.0.fa,,
APO1,APO1-0004,APO1-0004,H_lupulus,../HOP-REF/Humulus_lupulus_lupulus_21110M_HAP2_v1.0.fa,,
AQU1,AQU1-0005,AQU1-0005,H_lupulus,../HOP-REF/Humulus_lupulus_lupulus_21110M_HAP2_v1.0.fa,,
ARM1,ARM1-0006,ARM1-0006,H_lupulus,../HOP-REF/Humulus_lupulus_lupulus_21110M_HAP2_v1.0.fa,,
ARO1,ARO1-0007,ARO1-0007,H_lupulus,../HOP-REF/Humulus_lupulus_lupulus_21110M_HAP2_v1.0.fa,,
ARO2,ARO2-0008,ARO2-0008,H_lupulus,../HOP-REF/Humulus_lupulus_lupulus_21110M_HAP2_v1.0.fa,,
ATL1,ATL1-0009,ATL1-0009,H_lupulus,../HOP-REF/Humulus_lupulus_lupulus_21110M_HAP2_v1.0.fa,,
AUR1,AUR1-0010,AUR1-0010,H_lupulus,../HOP-REF/Humulus_lupulus_lupulus_21110M_HAP2_v1.0.fa,,
BAC1,BAC1-0011,BAC1-0011,H_lupulus,../HOP-REF/Humulus_lupulus_lupulus_21110M_HAP2_v1.0.fa,,
BAK1,BAK1-0012,BAK1-0012,H_lupulus,../HOP-REF/Humulus_lupulus_lupulus_21110M_HAP2_v1.0.fa,,
BAN1,BAN1-0013,BAN1-0013,H_lupulus,../HOP-REF/Humulus_lupulus_lupulus_21110M_HAP2_v1.0.fa,,
BG1,BG1-0014,BG1-0014,H_lupulus,../HOP-REF/Humulus_lupulus_lupulus_21110M_HAP2_v1.0.fa,,
BG2,BG2-0015,BG2-0015,H_lupulus,../HOP-REF/Humulus_lupulus_lupulus_21110M_HAP2_v1.0.fa,,
BITTG1,BITTG1-0016,BITTG1-0016,H_lupulus,../HOP-REF/Humulus_lupulus_lupulus_21110M_HAP2_v1.0.fa,,
BLT1,BLT1-0017,BLT1-0017,H_lupulus,../HOP-REF/Humulus_lupulus_lupulus_21110M_HAP2_v1.0.fa,,
BNB1,BNB1-0018,BNB1-0018,H_lupulus,../HOP-REF/Humulus_lupulus_lupulus_21110M_HAP2_v1.0.fa,,
BOB1,BOB1-0019,BOB1-0019,H_lupulus,../HOP-REF/Humulus_lupulus_lupulus_21110M_HAP2_v1.0.fa,,
BRAM1,BRAM1-0020,BRAM1-0020,H_lupulus,../HOP-REF/Humulus_lupulus_lupulus_21110M_HAP2_v1.0.fa,,
BTG1,BTG1-0021,BTG1-0021,H_lupulus,../HOP-REF/Humulus_lupulus_lupulus_21110M_HAP2_v1.0.fa,,
BUK1,BUK1-0022,BUK1-0022,H_lupulus,../HOP-REF/Humulus_lupulus_lupulus_21110M_HAP2_v1.0.fa,,
BUL1,BUL1-0023,BUL1-0023,H_lupulus,../HOP-REF/Humulus_lupulus_lupulus_21110M_HAP2_v1.0.fa,,
BUL10,BUL10-0024,BUL10-0024,H_lupulus,../HOP-REF/Humulus_lupulus_lupulus_21110M_HAP2_v1.0.fa,,
CALI1,CALI1-0025,CALI1-0025,H_lupulus,../HOP-REF/Humulus_lupulus_lupulus_21110M_HAP2_v1.0.fa,,
CALI2,CALI2-0026,CALI2-0026,H_lupulus,../HOP-REF/Humulus_lupulus_lupulus_21110M_HAP2_v1.0.fa,,
CANG1,CANG1-0027,CANG1-0027,H_lupulus,../HOP-REF/Humulus_lupulus_lupulus_21110M_HAP2_v1.0.fa,,
CAS1,CAS1-0028,CAS1-0028,H_lupulus,../HOP-REF/Humulus_lupulus_lupulus_21110M_HAP2_v1.0.fa,,
CEN1,CEN1-0029,CEN1-0029,H_lupulus,../HOP-REF/Humulus_lupulus_lupulus_21110M_HAP2_v1.0.fa,,
CHIN1,CHIN1-0030,CHIN1-0030,H_lupulus,../HOP-REF/Humulus_lupulus_lupulus_21110M_HAP2_v1.0.fa,,
CO1,CO1-0031,CO1-0031,H_lupulus,../HOP-REF/Humulus_lupulus_lupulus_21110M_HAP2_v1.0.fa,,
COBB1,COBB1-0032,COBB1-0032,H_lupulus,../HOP-REF/Humulus_lupulus_lupulus_21110M_HAP2_v1.0.fa,,
COBG1,COBG1-0033,COBG1-0033,H_lupulus,../HOP-REF/Humulus_lupulus_lupulus_21110M_HAP2_v1.0.fa,,
COM1,COM1-0034,COM1-0034,H_lupulus,../HOP-REF/Humulus_lupulus_lupulus_21110M_HAP2_v1.0.fa,,
CRV1,CRV1-0035,CRV1-0035,H_lupulus,../HOP-REF/Humulus_lupulus_lupulus_21110M_HAP2_v1.0.fa,,
CRY1,CRY1-0036,CRY1-0036,H_lupulus,../HOP-REF/Humulus_lupulus_lupulus_21110M_HAP2_v1.0.fa,,
DANA1,DANA1-0037,DANA1-0037,H_lupulus,../HOP-REF/Humulus_lupulus_lupulus_21110M_HAP2_v1.0.fa,,
DANA2,DANA2-0038,DANA2-0038,H_lupulus,../HOP-REF/Humulus_lupulus_lupulus_21110M_HAP2_v1.0.fa,,
DANA3,DANA3-0039,DANA3-0039,H_lupulus,../HOP-REF/Humulus_lupulus_lupulus_21110M_HAP2_v1.0.fa,,
DEN1,DEN1-0040,DEN1-0040,H_lupulus,../HOP-REF/Humulus_lupulus_lupulus_21110M_HAP2_v1.0.fa,,
EC1,EC1-0041,EC1-0041,H_lupulus,../HOP-REF/Humulus_lupulus_lupulus_21110M_HAP2_v1.0.fa,,
EG1,EG1-0042,EG1-0042,H_lupulus,../HOP-REF/Humulus_lupulus_lupulus_21110M_HAP2_v1.0.fa,,
EGK1,EGK1-0043,EGK1-0043,H_lupulus,../HOP-REF/Humulus_lupulus_lupulus_21110M_HAP2_v1.0.fa,,
ELS1,ELS1-0044,ELS1-0044,H_lupulus,../HOP-REF/Humulus_lupulus_lupulus_21110M_HAP2_v1.0.fa,,
EPRO1,EPRO1-0045,EPRO1-0045,H_lupulus,../HOP-REF/Humulus_lupulus_lupulus_21110M_HAP2_v1.0.fa,,
ERO1,ERO1-0046,ERO1-0046,H_lupulus,../HOP-REF/Humulus_lupulus_lupulus_21110M_HAP2_v1.0.fa,,
EWG1,EWG1-0047,EWG1-0047,H_lupulus,../HOP-REF/Humulus_lupulus_lupulus_21110M_HAP2_v1.0.fa,,
FA1,FA1-0048,FA1-0048,H_lupulus,../HOP-REF/Humulus_lupulus_lupulus_21110M_HAP2_v1.0.fa,,
FB8,FB8-0049,FB8-0049,H_lupulus,../HOP-REF/Humulus_lupulus_lupulus_21110M_HAP2_v1.0.fa,,
FC1,FC1-0050,FC1-0050,H_lupulus,../HOP-REF/Humulus_lupulus_lupulus_21110M_HAP2_v1.0.fa,,
FH1,FH1-0051,FH1-0051,H_lupulus,../HOP-REF/Humulus_lupulus_lupulus_21110M_HAP2_v1.0.fa,,
GAL1,GAL1-0052,GAL1-0052,H_lupulus,../HOP-REF/Humulus_lupulus_lupulus_21110M_HAP2_v1.0.fa,,
GB1,GB1-0053,GB1-0053,H_lupulus,../HOP-REF/Humulus_lupulus_lupulus_21110M_HAP2_v1.0.fa,,
GS1,GS1-0054,GS1-0054,H_lupulus,../HOP-REF/Humulus_lupulus_lupulus_21110M_HAP2_v1.0.fa,,
HA1,HA1-0055,HA1-0055,H_lupulus,../HOP-REF/Humulus_lupulus_lupulus_21110M_HAP2_v1.0.fa,,
HAR1,HAR1-0056,HAR1-0056,H_lupulus,../HOP-REF/Humulus_lupulus_lupulus_21110M_HAP2_v1.0.fa,,
HERG1,HERG1-0057,HERG1-0057,H_lupulus,../HOP-REF/Humulus_lupulus_lupulus_21110M_HAP2_v1.0.fa,,
HERS1,HERS1-0058,HERS1-0058,H_lupulus,../HOP-REF/Humulus_lupulus_lupulus_21110M_HAP2_v1.0.fa,,
HERS6,HERS6-0059,HERS6-0059,H_lupulus,../HOP-REF/Humulus_lupulus_lupulus_21110M_HAP2_v1.0.fa,,
HERS8,HERS8-0060,HERS8-0060,H_lupulus,../HOP-REF/Humulus_lupulus_lupulus_21110M_HAP2_v1.0.fa,,
HERS9,HERS9-0061,HERS9-0061,H_lupulus,../HOP-REF/Humulus_lupulus_lupulus_21110M_HAP2_v1.0.fa,,
HERSA1,HERSA1-0062,HERSA1-0062,H_lupulus,../HOP-REF/Humulus_lupulus_lupulus_21110M_HAP2_v1.0.fa,,
HH1,HH1-0063,HH1-0063,H_lupulus,../HOP-REF/Humulus_lupulus_lupulus_21110M_HAP2_v1.0.fa,,
HLH1,HLH1-0064,HLH1-0064,H_lupulus,../HOP-REF/Humulus_lupulus_lupulus_21110M_HAP2_v1.0.fa,,
HLH2,HLH2-0065,HLH2-0065,H_lupulus,../HOP-REF/Humulus_lupulus_lupulus_21110M_HAP2_v1.0.fa,,
HLH3,HLH3-0066,HLH3-0066,H_lupulus,../HOP-REF/Humulus_lupulus_lupulus_21110M_HAP2_v1.0.fa,,
HM1,HM1-0067,HM1-0067,H_lupulus,../HOP-REF/Humulus_lupulus_lupulus_21110M_HAP2_v1.0.fa,,
HORZ1,HORZ1-0068,HORZ1-0068,H_lupulus,../HOP-REF/Humulus_lupulus_lupulus_21110M_HAP2_v1.0.fa,,
HRS1,HRS1-0069,HRS1-0069,H_lupulus,../HOP-REF/Humulus_lupulus_lupulus_21110M_HAP2_v1.0.fa,,
HYB1,HYB1-0070,HYB1-0070,H_lupulus,../HOP-REF/Humulus_lupulus_lupulus_21110M_HAP2_v1.0.fa,,
JAN-1,JAN-1-0071,JAN-1-0071,H_lupulus,../HOP-REF/Humulus_lupulus_lupulus_21110M_HAP2_v1.0.fa,,
JG2,JG2-0072,JG2-0072,H_lupulus,../HOP-REF/Humulus_lupulus_lupulus_21110M_HAP2_v1.0.fa,,
JG3,JG3-0073,JG3-0073,H_lupulus,../HOP-REF/Humulus_lupulus_lupulus_21110M_HAP2_v1.0.fa,,
KAZ1,KAZ1-0074,KAZ1-0074,H_lupulus,../HOP-REF/Humulus_lupulus_lupulus_21110M_HAP2_v1.0.fa,,
KAZ2,KAZ2-0075,KAZ2-0075,H_lupulus,../HOP-REF/Humulus_lupulus_lupulus_21110M_HAP2_v1.0.fa,,
KAZ3,KAZ3-0076,KAZ3-0076,H_lupulus,../HOP-REF/Humulus_lupulus_lupulus_21110M_HAP2_v1.0.fa,,
KAZ4,KAZ4-0077,KAZ4-0077,H_lupulus,../HOP-REF/Humulus_lupulus_lupulus_21110M_HAP2_v1.0.fa,,
KAZ5,KAZ5-0078,KAZ5-0078,H_lupulus,../HOP-REF/Humulus_lupulus_lupulus_21110M_HAP2_v1.0.fa,,
KAZ6,KAZ6-0079,KAZ6-0079,H_lupulus,../HOP-REF/Humulus_lupulus_lupulus_21110M_HAP2_v1.0.fa,,
KAZ7,KAZ7-0080,KAZ7-0080,H_lupulus,../HOP-REF/Humulus_lupulus_lupulus_21110M_HAP2_v1.0.fa,,
KE1,KE1-0081,KE1-0081,H_lupulus,../HOP-REF/Humulus_lupulus_lupulus_21110M_HAP2_v1.0.fa,,
KIR2,KIR2-0082,KIR2-0082,H_lupulus,../HOP-REF/Humulus_lupulus_lupulus_21110M_HAP2_v1.0.fa,,
KITA1,KITA1-0083,KITA1-0083,H_lupulus,../HOP-REF/Humulus_lupulus_lupulus_21110M_HAP2_v1.0.fa,,
KITA2,KITA2-0084,KITA2-0084,H_lupulus,../HOP-REF/Humulus_lupulus_lupulus_21110M_HAP2_v1.0.fa,,
LAND1,LAND1-0085,LAND1-0085,H_lupulus,../HOP-REF/Humulus_lupulus_lupulus_21110M_HAP2_v1.0.fa,,
LC1,LC1-0086,LC1-0086,H_lupulus,../HOP-REF/Humulus_lupulus_lupulus_21110M_HAP2_v1.0.fa,,
LDCAN1,LDCAN1-0087,LDCAN1-0087,H_lupulus,../HOP-REF/Humulus_lupulus_lupulus_21110M_HAP2_v1.0.fa,,
LDCAN2,LDCAN2-0088,LDCAN2-0088,H_lupulus,../HOP-REF/Humulus_lupulus_lupulus_21110M_HAP2_v1.0.fa,,
LMA1,LMA1-0089,LMA1-0089,H_lupulus,../HOP-REF/Humulus_lupulus_lupulus_21110M_HAP2_v1.0.fa,,
LNZ1,LNZ1-0090,LNZ1-0090,H_lupulus,../HOP-REF/Humulus_lupulus_lupulus_21110M_HAP2_v1.0.fa,,
LPIO25,LPIO25-0091,LPIO25-0091,H_lupulus,../HOP-REF/Humulus_lupulus_lupulus_21110M_HAP2_v1.0.fa,,
LPNB1,LPNB1-0092,LPNB1-0092,H_lupulus,../HOP-REF/Humulus_lupulus_lupulus_21110M_HAP2_v1.0.fa,,
LUBL1,LUBL1-0093,LUBL1-0093,H_lupulus,../HOP-REF/Humulus_lupulus_lupulus_21110M_HAP2_v1.0.fa,,
LUBL2,LUBL2-0094,LUBL2-0094,H_lupulus,../HOP-REF/Humulus_lupulus_lupulus_21110M_HAP2_v1.0.fa,,
LUC1,LUC1-0095,LUC1-0095,H_lupulus,../HOP-REF/Humulus_lupulus_lupulus_21110M_HAP2_v1.0.fa,,
LUIO1,LUIO1-0096,LUIO1-0096,H_lupulus,../HOP-REF/Humulus_lupulus_lupulus_21110M_HAP2_v1.0.fa,,
LUMT1,LUMT1-0097,LUMT1-0097,H_lupulus,../HOP-REF/Humulus_lupulus_lupulus_21110M_HAP2_v1.0.fa,,
LUMT11,LUMT11-0098,LUMT11-0098,H_lupulus,../HOP-REF/Humulus_lupulus_lupulus_21110M_HAP2_v1.0.fa,,
LUMT2,LUMT2-0099,LUMT2-0099,H_lupulus,../HOP-REF/Humulus_lupulus_lupulus_21110M_HAP2_v1.0.fa,,
LUMT3,LUMT3-0100,LUMT3-0100,H_lupulus,../HOP-REF/Humulus_lupulus_lupulus_21110M_HAP2_v1.0.fa,,
LUMT4,LUMT4-0101,LUMT4-0101,H_lupulus,../HOP-REF/Humulus_lupulus_lupulus_21110M_HAP2_v1.0.fa,,
LUND1,LUND1-0102,LUND1-0102,H_lupulus,../HOP-REF/Humulus_lupulus_lupulus_21110M_HAP2_v1.0.fa,,
LUND2,LUND2-0103,LUND2-0103,H_lupulus,../HOP-REF/Humulus_lupulus_lupulus_21110M_HAP2_v1.0.fa,,
LUND3,LUND3-0104,LUND3-0104,H_lupulus,../HOP-REF/Humulus_lupulus_lupulus_21110M_HAP2_v1.0.fa,,
LUOR1,LUOR1-0105,LUOR1-0105,H_lupulus,../HOP-REF/Humulus_lupulus_lupulus_21110M_HAP2_v1.0.fa,,
LUOR2,LUOR2-0106,LUOR2-0106,H_lupulus,../HOP-REF/Humulus_lupulus_lupulus_21110M_HAP2_v1.0.fa,,
MO1,MO1-0107,MO1-0107,H_lupulus,../HOP-REF/Humulus_lupulus_lupulus_21110M_HAP2_v1.0.fa,,
MT1,MT1-0108,MT1-0108,H_lupulus,../HOP-REF/Humulus_lupulus_lupulus_21110M_HAP2_v1.0.fa,,
MTR1,MTR1-0109,MTR1-0109,H_lupulus,../HOP-REF/Humulus_lupulus_lupulus_21110M_HAP2_v1.0.fa,,
NADW1,NADW1-0110,NADW1-0110,H_lupulus,../HOP-REF/Humulus_lupulus_lupulus_21110M_HAP2_v1.0.fa,,
NAZ1,NAZ1-0111,NAZ1-0111,H_lupulus,../HOP-REF/Humulus_lupulus_lupulus_21110M_HAP2_v1.0.fa,,
NAZ2,NAZ2-0112,NAZ2-0112,H_lupulus,../HOP-REF/Humulus_lupulus_lupulus_21110M_HAP2_v1.0.fa,,
NAZ3,NAZ3-0113,NAZ3-0113,H_lupulus,../HOP-REF/Humulus_lupulus_lupulus_21110M_HAP2_v1.0.fa,,
NB1,NB1-0114,NB1-0114,H_lupulus,../HOP-REF/Humulus_lupulus_lupulus_21110M_HAP2_v1.0.fa,,
NCO1,NCO1-0115,NCO1-0115,H_lupulus,../HOP-REF/Humulus_lupulus_lupulus_21110M_HAP2_v1.0.fa,,
NCO2,NCO2-0116,NCO2-0116,H_lupulus,../HOP-REF/Humulus_lupulus_lupulus_21110M_HAP2_v1.0.fa,,
NCO3,NCO3-0117,NCO3-0117,H_lupulus,../HOP-REF/Humulus_lupulus_lupulus_21110M_HAP2_v1.0.fa,,
NCO4,NCO4-0118,NCO4-0118,H_lupulus,../HOP-REF/Humulus_lupulus_lupulus_21110M_HAP2_v1.0.fa,,
ND2,ND2-0119,ND2-0119,H_lupulus,../HOP-REF/Humulus_lupulus_lupulus_21110M_HAP2_v1.0.fa,,
ND3,ND3-0120,ND3-0120,H_lupulus,../HOP-REF/Humulus_lupulus_lupulus_21110M_HAP2_v1.0.fa,,
NEOP1,NEOP1-0121,NEOP1-0121,H_lupulus,../HOP-REF/Humulus_lupulus_lupulus_21110M_HAP2_v1.0.fa,,
NEW1,NEW1-0122,NEW1-0122,H_lupulus,../HOP-REF/Humulus_lupulus_lupulus_21110M_HAP2_v1.0.fa,,
NNM1,NNM1-0123,NNM1-0123,H_lupulus,../HOP-REF/Humulus_lupulus_lupulus_21110M_HAP2_v1.0.fa,,
NNM2,NNM2-0124,NNM2-0124,H_lupulus,../HOP-REF/Humulus_lupulus_lupulus_21110M_HAP2_v1.0.fa,,
NNM3,NNM3-0125,NNM3-0125,H_lupulus,../HOP-REF/Humulus_lupulus_lupulus_21110M_HAP2_v1.0.fa,,
NORD1,NORD1-0126,NORD1-0126,H_lupulus,../HOP-REF/Humulus_lupulus_lupulus_21110M_HAP2_v1.0.fa,,
NUG1,NUG1-0127,NUG1-0127,H_lupulus,../HOP-REF/Humulus_lupulus_lupulus_21110M_HAP2_v1.0.fa,,
NWY1,NWY1-0128,NWY1-0128,H_lupulus,../HOP-REF/Humulus_lupulus_lupulus_21110M_HAP2_v1.0.fa,,
OLYM1,OLYM1-0129,OLYM1-0129,H_lupulus,../HOP-REF/Humulus_lupulus_lupulus_21110M_HAP2_v1.0.fa,,
ORC1,ORC1-0130,ORC1-0130,H_lupulus,../HOP-REF/Humulus_lupulus_lupulus_21110M_HAP2_v1.0.fa,,
ORION1,ORION1-0131,ORION1-0131,H_lupulus,../HOP-REF/Humulus_lupulus_lupulus_21110M_HAP2_v1.0.fa,,
OSC114,OSC114-0132,OSC114-0132,H_lupulus,../HOP-REF/Humulus_lupulus_lupulus_21110M_HAP2_v1.0.fa,,
OSC72,OSC72-0133,OSC72-0133,H_lupulus,../HOP-REF/Humulus_lupulus_lupulus_21110M_HAP2_v1.0.fa,,
PDB1,PDB1-0134,PDB1-0134,H_lupulus,../HOP-REF/Humulus_lupulus_lupulus_21110M_HAP2_v1.0.fa,,
PERL1,PERL1-0135,PERL1-0135,H_lupulus,../HOP-REF/Humulus_lupulus_lupulus_21110M_HAP2_v1.0.fa,,
PIA29,PIA29-0136,PIA29-0136,H_lupulus,../HOP-REF/Humulus_lupulus_lupulus_21110M_HAP2_v1.0.fa,,
PIO1,PIO1-0137,PIO1-0137,H_lupulus,../HOP-REF/Humulus_lupulus_lupulus_21110M_HAP2_v1.0.fa,,
PIO2,PIO2-0138,PIO2-0138,H_lupulus,../HOP-REF/Humulus_lupulus_lupulus_21110M_HAP2_v1.0.fa,,
PK1,PK1-0139,PK1-0139,H_lupulus,../HOP-REF/Humulus_lupulus_lupulus_21110M_HAP2_v1.0.fa,,
PKS1,PKS1-0140,PKS1-0140,H_lupulus,../HOP-REF/Humulus_lupulus_lupulus_21110M_HAP2_v1.0.fa,,
PMO1,PMO1-0141,PMO1-0141,H_lupulus,../HOP-REF/Humulus_lupulus_lupulus_21110M_HAP2_v1.0.fa,,
PMO29,PMO29-0142,PMO29-0142,H_lupulus,../HOP-REF/Humulus_lupulus_lupulus_21110M_HAP2_v1.0.fa,,
PNB1,PNB1-0143,PNB1-0143,H_lupulus,../HOP-REF/Humulus_lupulus_lupulus_21110M_HAP2_v1.0.fa,,
POR1,POR1-0144,POR1-0144,H_lupulus,../HOP-REF/Humulus_lupulus_lupulus_21110M_HAP2_v1.0.fa,,
PR1,PR1-0145,PR1-0145,H_lupulus,../HOP-REF/Humulus_lupulus_lupulus_21110M_HAP2_v1.0.fa,,
PSD1,PSD1-0146,PSD1-0146,H_lupulus,../HOP-REF/Humulus_lupulus_lupulus_21110M_HAP2_v1.0.fa,,
PT1,PT1-0147,PT1-0147,H_lupulus,../HOP-REF/Humulus_lupulus_lupulus_21110M_HAP2_v1.0.fa,,
REC1,REC1-0148,REC1-0148,H_lupulus,../HOP-REF/Humulus_lupulus_lupulus_21110M_HAP2_v1.0.fa,,
RNGS1,RNGS1-0149,RNGS1-0149,H_lupulus,../HOP-REF/Humulus_lupulus_lupulus_21110M_HAP2_v1.0.fa,,
S36,S36-0150,S36-0150,H_lupulus,../HOP-REF/Humulus_lupulus_lupulus_21110M_HAP2_v1.0.fa,,
S38,S38-0151,S38-0151,H_lupulus,../HOP-REF/Humulus_lupulus_lupulus_21110M_HAP2_v1.0.fa,,
SA1,SA1-0152,SA1-0152,H_lupulus,../HOP-REF/Humulus_lupulus_lupulus_21110M_HAP2_v1.0.fa,,
SAL1,SAL1-0153,SAL1-0153,H_lupulus,../HOP-REF/Humulus_lupulus_lupulus_21110M_HAP2_v1.0.fa,,
SAN1,SAN1-0154,SAN1-0154,H_lupulus,../HOP-REF/Humulus_lupulus_lupulus_21110M_HAP2_v1.0.fa,,
SAVG1,SAVG1-0155,SAVG1-0155,H_lupulus,../HOP-REF/Humulus_lupulus_lupulus_21110M_HAP2_v1.0.fa,,
SB1,SB1-0156,SB1-0156,H_lupulus,../HOP-REF/Humulus_lupulus_lupulus_21110M_HAP2_v1.0.fa,,
SBJK1,SBJK1-0157,SBJK1-0157,H_lupulus,../HOP-REF/Humulus_lupulus_lupulus_21110M_HAP2_v1.0.fa,,
SC1,SC1-0158,SC1-0158,H_lupulus,../HOP-REF/Humulus_lupulus_lupulus_21110M_HAP2_v1.0.fa,,
SERB1,SERB1-0159,SERB1-0159,H_lupulus,../HOP-REF/Humulus_lupulus_lupulus_21110M_HAP2_v1.0.fa,,
SERB2,SERB2-0160,SERB2-0160,H_lupulus,../HOP-REF/Humulus_lupulus_lupulus_21110M_HAP2_v1.0.fa,,
SERB3,SERB3-0161,SERB3-0161,H_lupulus,../HOP-REF/Humulus_lupulus_lupulus_21110M_HAP2_v1.0.fa,,
SHN1,SHN1-0162,SHN1-0162,H_lupulus,../HOP-REF/Humulus_lupulus_lupulus_21110M_HAP2_v1.0.fa,,
SOA1,SOA1-0163,SOA1-0163,H_lupulus,../HOP-REF/Humulus_lupulus_lupulus_21110M_HAP2_v1.0.fa,,
SPALT1,SPALT1-0164,SPALT1-0164,H_lupulus,../HOP-REF/Humulus_lupulus_lupulus_21110M_HAP2_v1.0.fa,,
SRM1,SRM1-0165,SRM1-0165,H_lupulus,../HOP-REF/Humulus_lupulus_lupulus_21110M_HAP2_v1.0.fa,,
SS1,SS1-0166,SS1-0166,H_lupulus,../HOP-REF/Humulus_lupulus_lupulus_21110M_HAP2_v1.0.fa,,
SSH1,SSH1-0167,SSH1-0167,H_lupulus,../HOP-REF/Humulus_lupulus_lupulus_21110M_HAP2_v1.0.fa,,
STAR1,STAR1-0168,STAR1-0168,H_lupulus,../HOP-REF/Humulus_lupulus_lupulus_21110M_HAP2_v1.0.fa,,
STBRT1,STBRT1-0169,STBRT1-0169,H_lupulus,../HOP-REF/Humulus_lupulus_lupulus_21110M_HAP2_v1.0.fa,,
STG1,STG1-0170,STG1-0170,H_lupulus,../HOP-REF/Humulus_lupulus_lupulus_21110M_HAP2_v1.0.fa,,
STRSL1,STRSL1-0171,STRSL1-0171,H_lupulus,../HOP-REF/Humulus_lupulus_lupulus_21110M_HAP2_v1.0.fa,,
SUN1,SUN1-0172,SUN1-0172,H_lupulus,../HOP-REF/Humulus_lupulus_lupulus_21110M_HAP2_v1.0.fa,,
TAL1,TAL1-0173,TAL1-0173,H_lupulus,../HOP-REF/Humulus_lupulus_lupulus_21110M_HAP2_v1.0.fa,,
TDB1,TDB1-0174,TDB1-0174,H_lupulus,../HOP-REF/Humulus_lupulus_lupulus_21110M_HAP2_v1.0.fa,,
TEA1,TEA1-0175,TEA1-0175,H_lupulus,../HOP-REF/Humulus_lupulus_lupulus_21110M_HAP2_v1.0.fa,,
TETT1,TETT1-0176,TETT1-0176,H_lupulus,../HOP-REF/Humulus_lupulus_lupulus_21110M_HAP2_v1.0.fa,,
TOL1,TOL1-0177,TOL1-0177,H_lupulus,../HOP-REF/Humulus_lupulus_lupulus_21110M_HAP2_v1.0.fa,,
TOYO1,TOYO1-0178,TOYO1-0178,H_lupulus,../HOP-REF/Humulus_lupulus_lupulus_21110M_HAP2_v1.0.fa,,
TUS1,TUS1-0179,TUS1-0179,H_lupulus,../HOP-REF/Humulus_lupulus_lupulus_21110M_HAP2_v1.0.fa,,
UNI1,UNI1-0180,UNI1-0180,H_lupulus,../HOP-REF/Humulus_lupulus_lupulus_21110M_HAP2_v1.0.fa,,
USYM1,USYM1-0181,USYM1-0181,H_lupulus,../HOP-REF/Humulus_lupulus_lupulus_21110M_HAP2_v1.0.fa,,
VOJV1,VOJV1-0182,VOJV1-0182,H_lupulus,../HOP-REF/Humulus_lupulus_lupulus_21110M_HAP2_v1.0.fa,,
WIM1,WIM1-0183,WIM1-0183,H_lupulus,../HOP-REF/Humulus_lupulus_lupulus_21110M_HAP2_v1.0.fa,,
WTB48,WTB48-0184,WTB48-0184,H_lupulus,../HOP-REF/Humulus_lupulus_lupulus_21110M_HAP2_v1.0.fa,,
WYEC1,WYEC1-0185,WYEC1-0185,H_lupulus,../HOP-REF/Humulus_lupulus_lupulus_21110M_HAP2_v1.0.fa,,
WYET1,WYET1-0186,WYET1-0186,H_lupulus,../HOP-REF/Humulus_lupulus_lupulus_21110M_HAP2_v1.0.fa,,
YEO1,YEO1-0187,YEO1-0187,H_lupulus,../HOP-REF/Humulus_lupulus_lupulus_21110M_HAP2_v1.0.fa,,
YUGOG1,YUGOG1-0188,YUGOG1-0188,H_lupulus,../HOP-REF/Humulus_lupulus_lupulus_21110M_HAP2_v1.0.fa,,
YUGOM1,YUGOM1-0189,YUGOM1-0189,H_lupulus,../HOP-REF/Humulus_lupulus_lupulus_21110M_HAP2_v1.0.fa,,
ZC1,ZC1-0190,ZC1-0190,H_lupulus,../HOP-REF/Humulus_lupulus_lupulus_21110M_HAP2_v1.0.fa,,
ZLA1,ZLA1-0191,ZLA1-0191,H_lupulus,../HOP-REF/Humulus_lupulus_lupulus_21110M_HAP2_v1.0.fa,,
